volt_mean,volt_std,current_mean,current_std,temp_max,temp_min,soc_mean,label
160.43164062500003,0.3177909035035619,-11.139062499999998,0.06758602735588183,96.0,84.0,41.101953125,00
163.002734375,0.59741659308506,-5.604296874999999,0.022121242398074743,228.0,210.0,50.193359375,00
155.25625,0.19495592450602905,-11.131640625,0.22494540081897504,204.0,192.0,37.1859375,00
156.63515625,0.137266758852747,-5.102734375,0.01854954698528721,204.0,186.0,34.87499999999999,10
167.599609375,0.47165748686107917,-4.171875000000001,0.0774974797977329,210.0,180.0,61.23320312500002,00
150.830078125,0.2602462658646309,-4.59765625,0.09759998379066201,102.0,78.0,32.88437499999999,00
153.484375,0.07388494010960137,-4.199609375000001,0.006237781024481015,204.0,186.0,31.408984375000006,00
158.5984375,3.1260744246728596,-38.010156249999994,0.44376581727972064,258.0,216.0,44.420312499999994,00
151.184375,0.2813020785116936,-4.95390625,0.05214514561239122,150.0,138.0,28.5359375,00
148.996875,0.9490898189186312,-21.224999999999994,2.2969919187929237,60.0,48.0,17.226171875,00
160.43710937499998,0.5737672278782667,-24.104296874999996,5.032319480057406,228.0,210.0,40.883984375,00
163.44765625000002,0.08791405937582805,-4.299999999999999,8.881784197001252e-16,162.0,150.0,56.232812499999994,00
150.06249999999997,0.09395810236482646,-12.244921875,0.06229335956973624,204.0,186.0,25.343749999999996,00
168.59999999999997,2.842170943040401e-14,-0.5999999999999999,1.1102230246251565e-16,234.0,222.0,63.5,00
164.06249999999997,1.3184685718666178,-44.5,0.0,162.0,138.0,45.00156249999999,00
147.34335937500003,0.054080052696065604,-5.1,0.0,210.0,168.0,18.48203125,00
149.38515625000002,0.05532551930110691,-4.013671875,0.27713763247524564,90.0,78.0,28.93515625,00
147.86406250000002,0.04878904686248472,-5.094921875,0.021955071088119282,270.0,246.0,24.034375000000004,10
152.64179687499998,0.09808266279131457,-4.155859375,0.07982429282248225,114.0,102.0,25.0390625,00
164.69531249999997,0.16267268468845886,-4.52890625,0.04533270023876237,186.0,162.0,54.56718750000002,00
168.74609375,0.14464522533059518,-33.144921875,6.344631526940433,228.0,204.0,58.660546875,00
162.07265624999997,0.08358644827923249,-4.752343750000001,0.05072111824415431,162.0,132.0,50.01679687500001,00
156.027734375,0.4180174840163486,-4.37734375,0.10016770605308638,192.0,180.0,45.865234375,00
149.627734375,0.20835184650815902,-18.891015624999998,0.14346896356306232,126.0,114.0,24.18203125,00
161.293359375,0.5979088263268981,-29.800000000000008,7.105427357601002e-15,282.0,264.0,50.041406249999994,00
150.475,0.45207853300062795,-4.623828125000001,0.17726930912875002,108.0,72.0,31.63125,00
164.81328125,0.46399607584379216,-4.2359375,0.05482126497765249,150.0,138.0,53.27109374999999,00
155.83203125,0.43236876508767186,-4.816796875,0.04583314837794134,162.0,138.0,36.846484375,00
165.80390625,0.11786004925732342,-4.3999999999999995,8.881784197001252e-16,198.0,180.0,59.70000000000002,10
156.11015625,0.6620092337618402,-34.69921875,0.00880424036686313,216.0,204.0,38.89960937500001,00
152.88046874999998,0.181813174092083,-6.299999999999998,1.7763568394002505e-15,198.0,186.0,36.8,00
160.1765625,0.09801496617226793,-3.97578125,0.042840718346422516,138.0,120.0,50.79999999999999,00
163.076171875,0.4514068652102933,-4.337499999999999,0.048412291827592976,150.0,126.0,56.347265625000006,00
160.705078125,0.209756168315701,-6.0,0.0,186.0,174.0,51.755468750000006,00
147.26171875,0.49007669899561446,-4.953515625,0.2066930462808543,174.0,144.0,24.858593750000004,00
167.263671875,0.537689459478223,-4.60234375,0.015128841196122797,84.0,66.0,60.761328125,00
158.36796875,0.2143061455568595,-6.009375,0.02914805954090244,90.0,84.0,47.46328125,00
155.6859375,0.08545318071172626,-4.799999999999999,8.881784197001252e-16,252.0,228.0,44.53124999999999,10
154.54140624999997,0.049255938331710054,-3.132421875000001,0.04680822066137933,216.0,210.0,39.821875,00
155.626953125,1.1612291834744488,-35.715234375,6.110106441488425,252.0,234.0,39.212890625,00
159.071875,0.8351588078772793,-46.20000000000001,7.105427357601002e-15,246.0,234.0,38.91835937500001,00
152.88007812499998,0.7851860807455051,-27.659374999999997,5.041762116004186,240.0,222.0,34.571484375000004,00
156.926953125,0.1259963949989593,-5.0,0.0,150.0,132.0,62.20000000000002,10
167.475390625,0.8742741653292228,-40.2859375,1.42306526417229,204.0,174.0,56.857812499999994,00
159.116015625,3.925002157611619,-40.147265625,2.572722055176843,180.0,114.0,38.448828125,00
152.17148437499998,0.234202736172869,-10.778125,0.12496093139457666,174.0,156.0,24.739453125,10
147.56406249999998,0.3187461703201299,-22.586328125000005,0.03547382604096168,264.0,246.0,17.967968750000004,00
149.79765625000002,0.06669056781838263,-4.299999999999999,8.881784197001252e-16,204.0,186.0,28.41953125000001,00
167.31640625,0.38715253448858833,-17.920312499999998,0.28922292845441977,120.0,114.0,48.799609374999996,00
149.85039062500005,0.04999847409780713,-4.524609375,0.10523338900800136,222.0,204.0,30.215625000000003,00
154.03945312500002,0.6896883451441961,-43.88593749999998,0.035869500885153484,222.0,192.0,31.675390625000006,00
151.63632812500003,1.4114655344123657,-41.38828125,9.15708930533597,126.0,96.0,23.007031249999997,00
153.91875000000002,0.27350445608801754,-11.633984374999997,0.06478136117633991,78.0,66.0,33.14375,00
160.88906250000002,0.31393032044348884,-11.366015625000003,0.06715001679716402,72.0,60.0,37.345312500000006,00
149.491796875,0.12488703391558549,-12.800000000000002,1.7763568394002505e-15,162.0,138.0,26.967187499999998,00
167.15585937499998,0.14538756041907475,-4.814843749999999,0.03555331329057129,198.0,186.0,51.238281249999986,10
157.224609375,0.991910563590339,-45.899999999999984,1.4210854715202004e-14,246.0,228.0,41.02070312499999,00
155.21835937499998,0.11291089783369306,-4.9359375,0.08219106456148384,210.0,186.0,39.758593749999996,00
158.73671875,0.986381573428072,-40.039843749999996,0.9543354890110382,240.0,216.0,38.39882812500001,00
161.76484374999998,0.1539022842128691,-4.793749999999999,0.025769410160110313,174.0,144.0,45.507812500000014,00
164.083984375,0.4778055956724021,-4.416796874999999,0.037383853335823544,180.0,168.0,42.40390625,00
167.072265625,0.2680447573510071,-10.900000000000004,3.552713678800501e-15,120.0,108.0,56.12968749999999,00
150.93828125,0.367555500432843,-4.633203125,0.19251393453522886,174.0,162.0,37.873828125,00
160.801953125,0.4451519378849602,-4.391796875,0.08689013891250479,174.0,156.0,51.82304687500001,00
166.009375,1.5073485361305796,-45.484765625,0.17219386260363456,150.0,126.0,50.634765625,00
164.79375000000005,0.10364452469861138,-4.51015625,0.03020721082684552,216.0,198.0,58.367187499999986,10
154.10703125,0.44064646999997287,-4.291796874999999,0.0438736394687559,192.0,180.0,30.341796875000007,00
168.60234375000002,0.11001764329386901,-4.09921875,0.012475562048961946,186.0,174.0,58.46562499999999,00
165.328125,0.8360002896979167,-40.194531250000004,0.46984182739879304,168.0,150.0,52.19921875,00
163.61015625,0.4781703154587676,-4.555859375,0.07834247075890145,138.0,120.0,55.846875,00
168.860546875,0.44726391921071984,-20.055468750000003,3.2409081625022074,150.0,138.0,58.45976562500001,00
161.6078125,0.3984558819289159,-3.9179687499999996,0.08920971933280304,174.0,162.0,49.2078125,00
148.60507812499998,0.02195507108811812,-4.194921875,0.09485594418108119,210.0,192.0,25.8171875,00
151.39999999999998,0.13020416659999642,-17.900000000000002,3.552713678800501e-15,78.0,60.0,18.169140625000004,00
157.21835937499998,0.15339530908606822,-4.834375,0.04749588797990858,174.0,156.0,43.093359375000006,00
163.33828125000002,0.1403795601162734,-4.299999999999999,8.881784197001252e-16,150.0,132.0,55.569140625,00
168.38906250000002,0.35426737232455996,-10.35546875,0.24616070517740532,108.0,90.0,51.97187500000001,00
151.96093749999994,1.2041746638647355,-43.46328125000001,8.221830421712578,114.0,90.0,15.251171874999997,00
158.64609374999998,0.759924168066088,-45.5,0.0,192.0,174.0,39.20039062500001,00
160.509765625,0.4341190160179093,-18.855859374999994,0.30841841340070636,144.0,138.0,45.55859375,00
163.73007812499998,0.09719500448318169,-3.599218750000001,0.0475921700328689,192.0,174.0,54.067968750000006,00
161.975390625,0.05501991604963635,-3.7726562500000003,0.05479342420343416,144.0,126.0,48.41953124999999,00
168.97851562499997,0.21840898363130237,-24.915234374999997,4.11116552528822,246.0,228.0,61.19023437500002,00
156.58789062499997,0.07584062590135132,-4.799999999999999,8.881784197001252e-16,222.0,192.0,45.70000000000001,10
166.42929687499998,0.47347730211197414,-4.172656250000001,0.0495524402621861,150.0,132.0,55.380859375,00
157.30742187500002,0.11950252412181726,-4.431640625,0.062303156818971576,216.0,198.0,47.138281250000006,10
156.10585937500002,0.10534932474681517,-6.299999999999998,1.7763568394002505e-15,156.0,144.0,40.37031250000001,00
168.25039062499997,0.4913309448957086,-4.333203124999999,0.047094213978305224,198.0,174.0,58.706640625000006,00
168.28476562500003,0.6750306299112384,-42.22304687500001,4.2768791664077614,240.0,210.0,56.47343749999999,00
157.564453125,0.2429194458616584,-10.37109375,1.3782151242498164,96.0,78.0,34.344531249999996,00
154.04062499999998,0.6164334792781786,-46.18632812500001,0.03655840989409158,228.0,210.0,29.714843750000004,00
163.14453125,0.11845924520035694,-4.49765625,0.015128841196122667,108.0,96.0,52.51015625000002,00
161.13515625000002,0.27145149306264016,-19.741406249999994,1.6793566171188716,162.0,150.0,43.837499999999984,00
166.39296875,0.1406922582214018,-3.898437499999999,0.01240195927061528,78.0,60.0,52.950781250000006,00
154.96250000000003,0.2363458800148631,-11.800000000000002,1.7763568394002505e-15,102.0,84.0,37.869921875,00
166.638671875,0.5438834191111036,-4.703906250000001,0.019374369949433125,96.0,78.0,60.12617187500001,00
167.99843749999997,0.8547189208118332,-35.29453124999999,4.484466394430161,144.0,126.0,44.40195312499999,00
149.91249999999997,0.16793786053180437,-4.719140625,0.0975522884129808,174.0,162.0,28.342968749999994,00
152.653515625,0.27568689736884266,-10.608984375,0.08990741630065519,66.0,60.0,25.201953125,00
148.33359375,0.337679892740057,-18.891796874999997,0.13129126490454082,114.0,102.0,18.106250000000003,00
167.65937499999998,0.3109806816749258,-13.0,0.0,258.0,240.0,60.955859375,00
161.15703125,0.45098565556283265,-4.40859375,0.11355570201860188,216.0,192.0,48.55351562499999,00
147.97968749999998,0.14623363957635976,-4.57265625,0.047128222287048833,174.0,162.0,20.29921875,00
160.762890625,3.0839031813251068,-26.814843749999994,0.7270004560424551,138.0,102.0,49.743359375000004,00
154.59218749999997,0.43573023746780565,-6.123828124999999,0.12906890779341237,18.0,18.0,41.35429687499999,00
153.23125,0.4041290790081799,-46.20000000000001,7.105427357601002e-15,240.0,216.0,20.630859375,00
150.56523437500002,0.2563306728005036,-18.86171875,0.5863847251578416,156.0,138.0,28.9625,00
149.90664062500002,0.07496642314802499,-6.299218749999998,0.008804240366862972,162.0,150.0,28.39765625000001,00
160.46992187499998,0.1402898567127447,-4.723437500000001,0.06371858907532398,192.0,162.0,46.840624999999996,00
149.10312499999998,0.0678204200444046,-6.412500000000001,0.03307189138830726,174.0,168.0,28.418359374999994,00
148.907421875,0.08187019159305547,-4.945703125,0.08467016514235924,180.0,150.0,24.553906250000004,00
169.08437500000002,0.3789247740317375,-16.568359375,2.5066269284338274,186.0,168.0,53.90156250000001,00
166.53203125,0.10340574946992205,-4.236328125000001,0.04809448860300272,216.0,198.0,60.29999999999998,10
166.376953125,0.8894653051427777,-40.665234375000004,0.11693658032608545,228.0,210.0,55.946875000000006,00
149.43593749999997,0.15574135961185598,-4.453906249999999,0.07945354750379283,198.0,162.0,19.834765625,00
159.779296875,0.8753130543498326,-46.29999999999999,7.105427357601002e-15,252.0,228.0,45.90742187500001,00
166.43046875000002,0.09524523753677733,-4.391796874999999,0.027441232483880588,174.0,162.0,58.048437499999984,00
164.19453125,1.6147420746897743,-34.76640625,7.02811071412232,138.0,120.0,52.937109375000006,00
161.71132812499997,0.17981271113017896,-4.799999999999999,8.881784197001252e-16,102.0,84.0,58.96015625000001,00
165.096484375,0.42896512431765327,-3.992578124999999,0.10925705135818178,198.0,174.0,46.90625,00
163.03671875,0.4623937536325904,-4.373046875,0.13175532836562773,114.0,102.0,50.202734375,00
151.65742187499998,0.3166345144981574,-4.157812500000001,0.06801812143649677,192.0,174.0,38.927734375,00
148.09765624999994,0.015128841196121864,-3.5695312500000007,0.05162756311736497,192.0,180.0,23.434375,00
159.19062499999998,0.07849910429425899,-3.345312499999999,0.09791528146183304,210.0,204.0,50.18085937500001,00
154.67226562500002,0.06413748469779333,-4.219531250000001,0.07506101034117182,90.0,78.0,41.89999999999999,00
154.95937500000002,0.5359625540791084,-4.778515625,0.09706304204412405,216.0,192.0,44.837890625,00
150.39414062499998,0.8152386799119672,-45.36289062500001,5.201553802162111,210.0,198.0,11.303515625000003,00
152.413671875,0.3238088052137919,-43.520703125000004,0.07655353104354197,162.0,144.0,28.012109374999998,00
166.198046875,1.3348235830261355,-43.63046875,0.5485148405225126,198.0,174.0,53.246093750000014,00
168.498046875,0.3044527841927822,-20.103906249999998,8.049227470149601,270.0,258.0,60.91796875000001,00
168.302734375,0.47289040558395784,-4.092968750000001,0.025567294018677366,174.0,150.0,62.23554687500001,00
157.144140625,0.43134605333144077,-4.614453125000001,0.03625665011738381,138.0,120.0,45.62031250000001,00
165.8765625,0.11557220078267452,-4.651562500000001,0.052267902136493155,186.0,156.0,59.45390625000002,00
164.286328125,0.10936872191804026,-4.299999999999999,8.881784197001252e-16,192.0,180.0,48.87656249999999,00
156.444921875,0.1066792512463557,-4.58984375,0.030207210826845514,240.0,222.0,45.70000000000001,10
166.2,0.0,-0.5999999999999999,1.1102230246251565e-16,222.0,186.0,63.5,00
168.24609375,0.7318002570448695,-33.74414062499999,2.3295245046413675,276.0,264.0,57.4453125,00
168.09218750000002,0.4430204169603839,-18.9,0.0,210.0,192.0,60.242578125,00
149.86874999999998,0.199119154025925,-4.821875,0.09390612000822963,180.0,144.0,33.714062500000004,00
166.69765625,0.22894624224026242,-5.700000000000002,1.7763568394002505e-15,180.0,174.0,60.496874999999996,00
161.91015625000003,0.40885507895333423,-4.1117187500000005,0.07029079526109742,198.0,174.0,51.55156250000001,00
164.58203125,0.07799598722650293,-4.242968750000001,0.049503146601377605,96.0,84.0,50.79999999999999,00
159.674609375,0.07355272708819173,-3.502734375,0.08357458162240111,210.0,198.0,48.29999999999999,00
159.739453125,0.11645015426239592,-3.54765625,0.0678519110706361,72.0,60.0,46.189453124999986,00
164.33281250000002,1.3014780884992851,-45.70000000000001,7.105427357601002e-15,144.0,120.0,38.412890624999996,10
165.31406249999998,1.1028538530076193,-35.466015625,0.047365596753967315,96.0,66.0,53.394140625000006,00
162.94101562499998,0.3728026032713018,-18.300000000000004,3.552713678800501e-15,192.0,180.0,46.939062500000006,00
161.67148437499998,0.11007518626311867,-3.7578125,0.05943664563003183,162.0,150.0,53.03281249999999,00
149.376171875,0.07867676250954707,-6.400000000000001,8.881784197001252e-16,24.0,18.0,22.233203124999996,00
156.25429687500002,0.35933572305747,-8.321484374999999,2.6789922282699625,156.0,144.0,34.82656250000001,10
150.36601562500002,0.06478136117633604,-4.783984374999999,0.0366750904001526,156.0,144.0,29.284374999999997,00
165.74843750000002,0.7305268192159352,-18.130078124999997,3.869662855972919,162.0,150.0,50.90429687499999,00
153.740625,0.10188650241813858,-4.1000000000000005,8.881784197001252e-16,186.0,174.0,35.75234375,00
149.669921875,0.22962604141622045,-4.9203125,0.0647825388800871,144.0,132.0,33.061328124999996,00
151.0265625,0.19921109053902938,-4.858984375,0.572683294680279,198.0,180.0,38.09765625000001,10
162.86796875,0.44885855124241303,-4.304296874999999,0.025408647449921065,132.0,102.0,55.529296875,00
158.62460937500003,0.11030782457337081,-4.296484374999999,0.018417461303322256,186.0,162.0,39.39999999999999,00
167.08359374999998,0.871446117072613,-44.44921875,2.2210462094806647,174.0,150.0,55.99140624999999,00
156.60664062499998,0.07177196248960169,-4.272265625,0.08644646865754199,102.0,90.0,40.60000000000001,00
149.01835937499996,0.06071549101842919,-4.200000000000001,8.881784197001252e-16,180.0,162.0,24.551171875000005,00
155.22890624999997,0.1910711352113084,-11.794531250000002,0.022736925329461647,60.0,54.0,32.158593749999994,00
153.56093749999997,0.07366984521328508,-4.036328125000001,0.04889994717772565,216.0,210.0,38.20546875000001,00
165.61210937500002,0.24296717995875028,-10.999609375,0.00623778102448096,210.0,192.0,52.71875,00
158.05195312499995,0.08336252337071848,-4.666796875000001,0.04709421397830522,114.0,102.0,45.02070312500001,00
159.78281249999998,0.20159883393450098,-4.792187499999999,0.11865744748539805,168.0,150.0,48.57890624999999,00
167.88242187500003,0.237095860405629,-5.660937500000001,0.04878904686248775,114.0,102.0,62.18125000000002,00
148.384375,0.062421826110740763,-5.8765625,0.06901582132924318,144.0,126.0,24.439062500000006,10
164.65312500000002,0.22688016523045626,-5.799999999999998,1.7763568394002505e-15,234.0,228.0,57.86562499999998,00
150.59140624999998,0.22221447401314143,-10.475390625000003,2.5444600981666254,240.0,228.0,32.64375,00
159.705078125,0.14501344815735337,-5.0,0.0,186.0,168.0,54.60703125000002,10
168.0421875,0.5547535171981796,-4.778515624999999,0.041071390661375995,96.0,84.0,59.02421875,00
147.461328125,0.3575477920278425,-4.794921875,0.2121633218689895,108.0,102.0,19.014843749999997,00
153.44140625,0.47170358538062135,-18.9,0.0,90.0,72.0,35.881640625,00
163.171875,3.7352614010769054,-36.71484375,9.85829354087643,210.0,138.0,54.429296875000006,10
168.26015625,0.14461146422721385,-3.700000000000001,8.881784197001252e-16,192.0,180.0,62.20000000000002,10
167.66562499999998,0.10490881457246815,-4.363671875,0.04809448860300315,96.0,84.0,58.399999999999984,00
159.404296875,0.11224403933053127,-3.899999999999999,8.881784197001252e-16,180.0,168.0,45.65078125000001,00
155.75976562499997,0.43407402314393423,-4.999609375,0.00623778102448096,72.0,54.0,44.934765625,00
152.071875,0.12179484543690522,-4.199609375000001,0.006237781024481017,150.0,132.0,37.790625000000006,00
159.54687499999997,0.40954195069003485,-4.43984375,0.059081304876733125,216.0,192.0,49.54960937499999,00
155.58671875,0.3682456495309039,-4.4828125,0.058775758980637395,234.0,216.0,36.42812500000001,00
150.5890625,0.18946238701586515,-3.98671875,0.05501575591080701,216.0,204.0,36.953125,00
165.916796875,0.667252334196165,-15.480078124999999,4.271987424653364,150.0,144.0,54.843359375000006,00
154.275390625,0.6747538930321985,-46.14531250000002,0.049779788506481924,228.0,192.0,37.026171875,00
148.40234374999997,0.22254383126911584,-4.93203125,0.21265934972024506,162.0,144.0,24.801953125,00
150.82148437500004,0.14858493911181062,-18.9,0.0,138.0,120.0,21.138281250000002,00
149.11874999999998,0.03903123748998777,-3.599218750000001,0.035346706330823846,186.0,174.0,23.5,00
159.83789062500006,0.10647881496856638,-4.299999999999999,8.881784197001252e-16,126.0,108.0,42.4765625,00
158.79296875000006,0.11604389912200763,-3.739453125,0.05967108535743554,90.0,78.0,44.39765624999998,00
157.690234375,0.09282009517534738,-4.3785156249999995,0.041071390661376356,174.0,156.0,43.46484375,00
161.94882812500003,1.274968823818442,-43.810546874999986,0.030715646301753156,270.0,234.0,45.419531250000006,10
148.32617187500003,0.07842812288321775,-6.400000000000001,8.881784197001252e-16,126.0,120.0,20.15234375,00
151.0359375,0.49902003576384596,-44.007812499999986,3.3199117405201823,168.0,156.0,14.7421875,00
157.66015625,0.4705946776005206,-4.690234375000001,0.03778981434671763,162.0,150.0,40.543359375,00
151.45742187500002,0.28163791607573996,-5.11953125,0.04686848913115844,72.0,54.0,37.376953125000014,00
156.753125,0.12433416415049142,-4.043749999999999,0.0569402098696517,108.0,90.0,40.679296875000006,00
164.87109375,0.13730232594875424,-3.8812499999999988,0.048814060474416596,72.0,54.0,55.467968750000004,00
166.657421875,0.14718582055172574,-4.73828125,0.04940441173050726,174.0,156.0,50.34296875,10
158.83359375000003,0.18425413146233052,-4.9,0.0,222.0,210.0,51.88125000000001,00
169.161328125,0.07145662029500358,-12.7390625,2.4773579164290633,228.0,210.0,58.22187499999998,00
154.78164062500002,0.07815526757430084,-4.785937499999999,0.035869500885153,222.0,192.0,34.30703125000001,00
156.14179687499998,0.1035082544545837,-4.096484375000001,0.018417461303322252,222.0,204.0,45.36953125000001,10
150.333203125,0.2163960258189471,-17.355078125,2.2645134328695167,186.0,168.0,24.865234375000004,00
162.940625,1.070626094570368,-31.09062499999999,3.6503197098850118,132.0,114.0,47.60234375,00
154.77109374999998,0.1761801030506519,-11.798437500000002,0.015229366163764135,114.0,102.0,36.700781250000006,00
162.031640625,1.52306961703975,-14.5859375,4.205915372554916,192.0,174.0,49.408984375,00
150.43984375000002,0.04895764073091378,-3.758984374999999,0.049186187144963346,186.0,168.0,27.89999999999999,00
166.3,0.0,-0.5999999999999999,1.1102230246251565e-16,180.0,162.0,63.5,00
167.25546875,0.7440712114935225,-6.298828124999998,0.010761701026528018,156.0,144.0,61.221093750000016,00
159.837109375,0.16004712364522564,-4.799999999999999,8.881784197001252e-16,150.0,138.0,46.59453124999999,00
160.772265625,0.1547816750890125,-4.799999999999999,8.881784197001252e-16,162.0,138.0,47.41953125000001,00
160.86328125,0.5243107221852682,-18.9,0.0,84.0,72.0,34.69570312500001,00
161.813671875,0.43518202207120804,-4.294921874999999,0.03554258215836847,246.0,210.0,46.90859375,00
168.75390625000003,0.2835054959095838,-24.917968750000007,3.4894245047032384,192.0,180.0,60.415625,00
161.34218750000002,0.12190504437368799,-3.423828124999999,0.051714678370694524,144.0,132.0,52.437500000000014,00
162.78945312500002,0.09604530664085316,-4.413671875,0.034355019050851456,228.0,210.0,55.670312499999994,10
158.31718750000002,0.07767055326023402,-3.407421875,0.1502068682566959,210.0,192.0,46.54765624999999,00
150.56328125,0.048203821409067114,-5.0511718750000005,0.05076171499254489,228.0,198.0,33.85234375,00
153.93085937499995,0.14397008881920306,-4.099609375,0.006237781024480959,210.0,192.0,42.2140625,10
163.135546875,0.13645230733752597,-4.65,0.10897247358851683,192.0,174.0,47.744921875,10
148.57187499999998,0.044960920531054195,-4.200000000000001,8.881784197001252e-16,192.0,174.0,25.66953125,00
166.999609375,0.462626506927682,-4.055078125,0.08554509130560539,156.0,138.0,52.974218750000006,00
156.0828125,0.07563210193925163,-4.609765625,0.03097289247647666,66.0,54.0,40.60000000000001,00
159.696484375,0.4201322147620443,-4.367968749999999,0.04665966163012247,168.0,150.0,51.315625000000004,00
159.155078125,0.3294965290355657,-11.395312500000005,0.021137108216357236,180.0,162.0,47.38749999999999,00
164.987109375,0.10583486801195578,-4.5992187499999995,0.012475562048961917,72.0,60.0,58.646093750000006,00
159.364453125,0.1254137439746338,-3.8714843749999996,0.06964855799554907,144.0,126.0,47.911718750000006,00
168.3546875,0.11649797141474669,-5.199609375000001,0.006237781024481018,192.0,174.0,59.99765625,00
158.2578125,0.43013612943317314,-4.4156249999999995,0.04749588797990826,96.0,78.0,48.821093749999996,00
166.13359375,0.19636435511807554,-4.640234375,0.049037053014627636,90.0,78.0,62.20000000000002,00
143.9890625,0.13183463541023174,-4.299609374999999,0.0062377810244809585,168.0,156.0,9.284375,00
142.29609374999998,0.2783608111982279,-4.550390625,0.10307690047779539,138.0,126.0,16.905468750000004,00
164.21796875,0.9513915461172815,-31.60000000000001,7.105427357601002e-15,144.0,132.0,38.784765625000006,00
167.172265625,0.47800482941426414,-4.1421875,0.07138077362812782,168.0,150.0,61.73125000000002,00
165.984375,0.0943211767049107,-4.299999999999999,8.881784197001252e-16,162.0,150.0,59.70000000000002,00
159.87460937500003,0.10652466222480876,-3.7835937500000005,0.09784980818038161,90.0,78.0,45.91328125,00
165.29062499999998,0.20970123837259516,-6.2996093749999975,0.0062377810244809585,150.0,132.0,54.529687500000016,00
163.9140625,0.5078653818619161,-4.57109375,0.08852289935907813,114.0,96.0,54.8359375,00
154.55859375000003,0.16371056001656473,-6.200000000000002,1.7763568394002505e-15,162.0,150.0,41.04140625,00
162.72304687499997,0.095074465829347,-3.582421875000001,0.04006335010311017,186.0,174.0,50.42265625,00
158.44218750000002,0.7867664614380487,-45.5,0.0,198.0,180.0,43.165625,00
163.580078125,0.5575070012084905,-18.9,0.0,96.0,78.0,47.35898437499999,00
154.65468749999997,0.590796519407272,-45.29999999999999,7.105427357601002e-15,198.0,156.0,35.007421875000006,00
151.33437500000002,0.17696993918459616,-40.69648437499999,1.3289252529321811,156.0,138.0,12.228515625,00
151.351953125,1.2241690795403775,-44.548437500000006,5.7678051010409295,144.0,126.0,12.701171875,00
161.658984375,0.2115727558213946,-5.9625,0.04841229182759254,180.0,168.0,56.15546875,00
165.56445312499997,0.9849383773504466,-46.0,0.0,252.0,228.0,53.22265625000001,10
168.725,0.439104201756253,-25.624609375,2.7459593617098763,246.0,228.0,58.48828125,00
164.85898437500003,0.12085851648046908,-3.7671874999999995,0.04777776516068938,138.0,120.0,57.09335937500002,00
151.34570312500003,0.10449419536622584,-4.19609375,0.05139057511779283,228.0,216.0,38.10000000000001,10
163.29804687500004,0.10877556160615992,-4.442578125,0.049446089546943524,222.0,204.0,55.899999999999984,10
157.446484375,0.21302174860999332,-30.900781249999994,3.866735058760614,126.0,108.0,43.146093750000006,00
163.57421875,0.37764610040146984,-3.7085937500000012,0.0280271736166438,240.0,192.0,54.41093750000002,00
163.85625000000002,0.42384954582964995,-4.044921875,0.05052066553881053,192.0,168.0,57.137109375,00
151.3453125,0.14516121156752165,-4.210156249999999,0.06828232264603705,234.0,216.0,27.801562499999992,00
163.64140625000002,0.09145297950825702,-4.5,0.0,192.0,174.0,55.899999999999984,10
158.122265625,1.1669322193012568,-30.497265625,4.354428459705517,144.0,132.0,42.808984375,00
165.86328125,0.10888001836167154,-3.3773437499999988,0.043687175875049444,126.0,108.0,58.12578124999999,00
167.58984375,0.9930886040962998,-44.93828125000001,3.8089762628426076,180.0,162.0,52.087500000000006,00
159.15195312499998,0.09225947269920318,-3.670703125000001,0.04801828417628412,162.0,150.0,47.826953125,00
164.1171875,0.47403015710369123,-4.289843749999999,0.07217583103738755,150.0,114.0,52.1046875,00
162.5390625,0.47536735383674483,-4.601953125,0.10659912196042873,90.0,72.0,54.906640625,00
161.96875,0.08124999999999538,-4.292187499999999,0.04349815908460951,156.0,144.0,54.93046875000002,00
155.94179687499997,0.1296445476687435,-5.232421875,0.04763543346590182,138.0,126.0,42.48359375,10
155.6921875,2.8937192054246985,-40.409765625000006,2.4824899184223,222.0,162.0,38.132031250000004,00
166.60429687500002,0.15594061166109108,-5.700000000000002,1.7763568394002505e-15,198.0,186.0,62.20000000000002,00
153.498046875,0.08452587061210055,-4.1175781250000005,0.041968107194444555,114.0,102.0,26.73984374999999,00
149.97265625,0.05957511507279777,-4.690624999999999,0.09222721602108576,162.0,144.0,34.70078124999999,10
166.71640624999998,0.15849750774361873,-4.4390625,0.048789046862487306,222.0,180.0,55.83164062499999,00
164.95546875000002,0.0827350758350817,-4.3999999999999995,8.881784197001252e-16,234.0,216.0,58.399999999999984,10
159.15546875,0.10368868199296473,-3.7941406250000007,0.09481089190915437,90.0,78.0,44.78828125,00
148.49257812499997,0.4032867816721577,-11.159765625000002,0.6975839609454615,42.0,30.0,10.687500000000004,00
165.6484375,0.2249945745873679,-10.742578125000001,0.7382567580262877,156.0,144.0,48.740624999999994,00
156.25820312499997,0.26147697554513927,-11.656249999999996,0.0496078370824609,72.0,60.0,36.49296875,00
166.59023437500002,0.9120409503242488,-31.209374999999994,0.030458732327528392,252.0,240.0,58.093359375000006,00
166.47031249999998,0.9609044709770838,-31.60000000000001,7.105427357601002e-15,102.0,84.0,41.064453125,00
156.05703125000002,0.18378978895313142,-6.200000000000002,1.7763568394002505e-15,138.0,126.0,44.38359375,00
159.10585937499997,0.5337851676701127,-18.166796874999996,0.04709421397830397,54.0,48.0,41.813671875000004,00
167.98359374999998,0.13186009616610975,-4.199609375000001,0.006237781024481018,168.0,150.0,59.27812500000002,00
149.241796875,0.1290405313854358,-18.9,0.0,198.0,192.0,15.470703124999998,00
149.52851562499998,0.05455200849518776,-4.604296874999999,0.02212124239807474,198.0,180.0,22.899999999999995,00
146.05117187500002,0.15051537034131326,-5.193359375,0.06119611588662621,168.0,156.0,18.390625000000004,10
148.09999999999997,2.842170943040401e-14,-4.700781250000001,0.008804240366862972,258.0,234.0,23.626562500000002,10
161.491015625,0.13563127775648684,-4.543359375,0.05186788119452495,96.0,84.0,52.56875000000002,00
149.647265625,0.05369495500844765,-5.199609375000001,0.006237781024481016,222.0,216.0,29.46953125,00
165.55429687499998,0.11172079871372806,-3.7609375,0.05337715891418334,78.0,66.0,53.849609375,00
149.188671875,0.09050959111599939,-4.340624999999999,0.11418016191528206,168.0,156.0,26.699999999999992,00
150.27070312499995,0.2910801103051068,-16.391406250000003,0.13723118253858146,120.0,114.0,24.206250000000004,00
167.69609375,0.5676021856995782,-25.325000000000003,0.29074258374032497,294.0,270.0,58.583984375,10
163.071484375,0.7889912367262764,-34.178906250000004,0.060146103040325874,270.0,258.0,50.483984375000006,00
150.78281249999995,0.23720685033057007,-4.716796875,0.0759773156293007,222.0,192.0,36.3015625,00
165.01914062499998,0.0764498134373702,-4.303515624999999,0.018417461303322412,216.0,198.0,58.399999999999984,10
167.27382812500002,1.1078812980003703,-42.944140625,7.178774924576239,204.0,180.0,51.064843749999994,00
164.8953125,0.8561687347385153,-38.842187499999994,0.12692848318541405,252.0,222.0,53.476171875000006,10
159.746484375,0.9242751296994082,-35.504687499999996,0.4032794035699689,204.0,192.0,46.56210937499999,00
166.366796875,0.5367282738874806,-4.630859375,0.04866221814312821,132.0,114.0,56.521875,00
165.92578125,0.21478408262354273,-6.298437499999999,0.012401959270615229,54.0,42.0,59.10859375000002,00
155.1109375,0.2712051734273358,-18.944921875000002,0.04974145802531772,192.0,180.0,38.469140625,00
148.23828125,0.0501888523323515,-5.942187500000001,0.04938587696649704,144.0,126.0,23.800000000000004,10
151.970703125,0.4326980825185527,-4.892578125,0.02621265479657454,144.0,132.0,39.774609375,00
162.39140625,0.07858846900746189,-3.863281249999999,0.04820382140906988,174.0,162.0,51.57773437499999,00
167.55703125000002,0.1326906610256994,-3.646484375000001,0.049876250669626115,150.0,138.0,61.58125000000001,00
148.94257812499998,0.14903201257274754,-4.566796875,0.07362737256098677,114.0,96.0,24.125781250000003,00
164.953125,0.5969240817516085,-5.682421875,0.069341163975552,144.0,114.0,47.562890625,00
169.193359375,0.06785528424234961,-12.657031250000003,2.598863441299569,240.0,216.0,61.506250000000016,00
148.76953125,0.15235576875667925,-4.648046875,0.10343747049659702,204.0,168.0,19.875390624999998,00
164.419140625,0.14053762476507758,-6.296093749999999,0.019374369949433125,66.0,48.0,56.77617187500001,00
158.26914062499998,2.1081558615231963,-21.91796875,0.346507935007897,144.0,120.0,36.10078125,00
150.736328125,0.35317836121991425,-4.263671875,0.10406106300621963,96.0,84.0,37.904296875,00
160.922265625,1.7171959860316937,-16.9984375,0.012401959270615449,168.0,144.0,47.1953125,00
157.8390625,0.16897409888426948,-5.028124999999999,0.04496092053105658,60.0,48.0,46.2921875,00
161.22226562499998,0.10758510325951552,-4.6625000000000005,0.04841229182759296,240.0,216.0,50.83281249999999,10
159.10234375,0.8437235962303863,-46.39960937499998,0.00623778102448107,258.0,234.0,43.86328125000001,00
163.61249999999998,0.5062114182829142,-4.786328124999999,0.034355019050851456,78.0,60.0,53.548828125,00
164.00117187499995,0.11056757756676676,-4.755078125,0.04974145802531685,186.0,156.0,57.13437500000002,00
157.973046875,0.5202314067342877,-15.176562500000001,4.321403569280905,162.0,150.0,38.8640625,00
164.18828125,0.13926205835918992,-4.200000000000001,8.881784197001252e-16,144.0,126.0,51.12812499999998,00
154.96640624999998,1.5041493310043832,-42.14921874999999,7.184270971340686,132.0,120.0,33.210546875000006,00
159.1375,0.4508672199217857,-4.585156249999999,0.14688954382779415,108.0,90.0,50.337500000000006,00
153.800390625,0.4429568657466671,-45.69960937500001,0.00623778102448107,126.0,102.0,32.5234375,00
163.6671875,0.2145523592127335,-5.799999999999998,1.7763568394002505e-15,186.0,174.0,56.704687500000006,00
161.81601562499998,0.4658843067284626,-4.62890625,0.057489596545266496,162.0,150.0,45.686718750000004,00
153.51992187499997,0.11229840335678393,-3.979296875,0.05591125213438144,120.0,102.0,34.935546874999986,00
156.98671874999997,3.222743180645711,-37.15703125,2.607356887064646,198.0,138.0,44.348437499999996,00
149.26406250000002,0.04798172666496119,-4.4390625,0.06025256088955867,132.0,120.0,23.5,00
158.41796875,0.11721614233302836,-4.299218749999999,0.008804240366862972,216.0,204.0,44.19609374999999,00
164.368359375,0.2894884425147376,-9.099999999999998,1.7763568394002505e-15,54.0,48.0,57.03984375000002,00
152.243359375,1.0929974392008477,-17.6,0.8533481850921109,210.0,174.0,41.01171875,10
150.73749999999995,0.25325999486693307,-4.6671875,0.09569594998614112,120.0,96.0,37.17109375000001,00
149.41328124999995,0.15455131315662593,-4.266015625,0.09549083597842987,228.0,204.0,28.964453125000006,00
149.448046875,0.1824210385419792,-9.873046875,2.1008406273567575,228.0,216.0,23.80703125,00
151.14609374999998,0.2512165225675611,-16.400000000000002,3.552713678800501e-15,126.0,120.0,26.471875,00
150.75859375,0.21029270662801816,-18.212890624999996,0.03350961484573356,156.0,144.0,22.987890625000002,00
166.982421875,1.2681662734127124,-28.7203125,4.651139970732309,90.0,78.0,54.09257812500001,00
166.47890625000002,0.25407686575314015,-10.941406250000004,0.049255938331712684,102.0,90.0,60.091015625,00
167.62421875,0.11057102761771527,-4.278124999999999,0.04133986423538408,156.0,144.0,61.928125000000016,00
164.4609375,0.38491768093158873,-9.439062499999999,2.6146144067708623,150.0,138.0,46.824609374999994,00
158.11367187499997,0.076601353343032,-4.714453125000002,0.04129370021848814,210.0,186.0,47.75039062500001,10
152.058203125,0.15439870057819216,-4.292578124999999,0.026212654796574315,72.0,60.0,25.678906249999997,00
163.58749999999998,0.09682458365518042,-4.629296875000001,0.04551242264738713,186.0,156.0,52.14921875000002,00
160.75546874999998,0.7984172422821524,-41.116406250000004,0.4722415536152406,234.0,216.0,46.63671875,00
150.389453125,0.2629573652281587,-25.325781250000006,0.0437430239974035,150.0,126.0,27.42578125,00
162.43671875,3.4003991285433597,-35.949999999999996,5.549633996940699,162.0,90.0,42.116796875,00
161.669921875,0.9709418720482116,-45.899999999999984,1.4210854715202004e-14,216.0,192.0,43.9203125,00
153.88125000000002,0.10551214385084015,-4.800390624999999,0.006237781024481016,90.0,78.0,41.89999999999999,00
160.86328125,0.087384829338035,-3.5312500000000004,0.06343057228182641,204.0,186.0,45.70000000000001,00
152.346875,0.10748364701200123,-4.701171875000002,0.010761701026528018,240.0,216.0,38.33671875,10
149.60312499999995,0.03940475066536805,-4.199609375000001,0.006237781024481017,210.0,198.0,32.782031249999996,10
151.73359374999995,0.20550142325769338,-6.299999999999998,1.7763568394002505e-15,162.0,156.0,35.32109375,00
160.0875,0.11490485194281176,-3.899999999999999,8.881784197001252e-16,204.0,186.0,51.191406249999986,10
150.66992187499997,0.14893368959535488,-10.557421875,0.11260235686469582,60.0,54.0,20.751562500000002,00
168.116796875,0.11452642703863194,-4.3999999999999995,8.881784197001252e-16,126.0,114.0,62.20000000000002,00
155.68710937499998,0.18143805909210398,-11.281250000000002,0.18381801462315933,174.0,156.0,31.826171875,00
153.63046875,0.5186458620999852,-5.076171875,0.04260320362348778,90.0,72.0,38.827734375000006,00
161.0828125,0.07716598890540653,-4.400390625,0.006237781024480959,234.0,210.0,52.751562500000006,10
152.986328125,2.0706488155488816,-39.19570312500001,2.0035761713409443,216.0,150.0,34.275781249999994,10
159.016015625,1.6056593465788,-18.0,0.0,60.0,42.0,32.521875,00
156.907421875,0.20762701720027776,-11.599999999999996,3.552713678800501e-15,180.0,168.0,43.483593750000004,00
151.51718749999998,0.08014574127019645,-4.799999999999999,8.881784197001252e-16,228.0,210.0,36.84375,10
164.947265625,1.7719583158735306,-20.995703125,9.63878584025837,174.0,144.0,49.998046875,00
157.1859375,0.22508136549645683,-11.186328125,0.9496754141989696,108.0,96.0,40.0515625,00
153.573046875,0.4851869140369877,-30.076562499999994,0.4413198200780809,288.0,264.0,37.587890625,10
167.178515625,0.15476590105982652,-6.2996093749999975,0.0062377810244809585,150.0,138.0,61.114843750000006,00
157.976171875,0.07407366575905198,-3.2949218749999996,0.04773782720740824,210.0,198.0,45.70000000000001,00
165.61523437499997,0.6191936097202226,-5.501953125,0.013838273112436163,252.0,204.0,52.09062499999999,00
160.04414062499998,0.10627225754922161,-3.981640625,0.038715253448858865,216.0,198.0,50.79999999999999,10
164.78515625,0.5267218555233276,-4.788281249999999,0.03216435757849817,102.0,78.0,57.774609375,00
159.74804687500003,0.10381442723791212,-4.6,0.0,216.0,198.0,50.8703125,10
149.03671874999998,0.05572125625322124,-5.3609375,0.04958322391444535,198.0,192.0,16.729687499999997,10
157.419140625,0.6626656954865001,-40.39999999999999,7.105427357601002e-15,228.0,198.0,42.629296874999994,00
159.42070312499996,0.14737645034141006,-5.099609375,0.00623778102448096,198.0,186.0,39.39999999999999,10
169.11406249999996,0.06463161837482893,-17.760546875,3.383283540205836,228.0,210.0,61.37070312500001,00
166.90000000000003,2.842170943040401e-14,-5.1,0.0,210.0,186.0,63.5,00
167.421484375,0.10954158630793624,-4.1000000000000005,8.881784197001252e-16,174.0,156.0,57.20000000000002,00
149.56445312499997,0.04786551135978926,-5.500390625,0.02997140157065346,174.0,156.0,20.157031250000003,10
161.409375,0.3795427964999458,-4.080078124999999,0.2062348331307889,210.0,186.0,44.840234375,00
144.506640625,0.08747122155091071,-5.195312500000001,0.032738010687120345,198.0,162.0,11.591406250000002,00
152.559375,0.67069664109417,-45.64023437499999,2.8116356907622935,192.0,174.0,30.612499999999997,00
157.26914062500003,0.0767048660425829,-3.518359375,0.07025931147975607,204.0,186.0,45.70000000000001,00
159.32656250000002,0.37468411174448,-35.78671875,2.5826152894688827,120.0,102.0,41.656640625,00
166.06484375,0.4770662040911488,-22.517578125,3.1951690208847303,132.0,120.0,57.450781250000006,00
150.589453125,0.2783989061180649,-4.382812499999999,0.16470113795523705,192.0,180.0,37.42890625000001,00
162.705078125,0.4561361092332914,-4.380859375,0.03934080546467486,126.0,90.0,54.8953125,00
163.919921875,0.23308728278583749,-10.723437500000001,0.25920080747125407,216.0,204.0,47.21328125000001,00
163.807421875,0.21826641581215378,-5.832421874999998,0.04680822066137953,144.0,138.0,58.027343749999986,00
159.19687499999998,0.22218288497316696,-5.993359375,0.027860628126612153,174.0,174.0,48.49687499999999,00
166.08203125,0.4025181660787951,-18.299609375000003,0.0062377810244810695,186.0,168.0,50.81171874999999,00
157.828515625,0.8822065640375053,-44.0828125,0.5949802222290671,162.0,138.0,30.343750000000004,00
154.865625,0.2055623004711715,-11.406640625000005,0.024899088328880038,96.0,84.0,29.848828125,00
164.959375,0.09995115994824105,-4.50234375,0.015128841196122669,186.0,156.0,54.196875000000006,00
150.15429687499997,0.049815026500385336,-3.6671875000000007,0.08759760181506109,216.0,204.0,29.199999999999992,00
168.701171875,0.15699383493941907,-4.830859374999999,0.04866221814312824,144.0,120.0,61.34218750000001,10
157.865234375,0.0852520604933352,-4.3999999999999995,8.881784197001252e-16,108.0,96.0,41.004687499999996,00
169.18281249999995,0.06971972349163859,-16.206249999999997,3.289477779602714,210.0,192.0,59.721484375,10
159.99453125000002,3.2933718614473886,-37.1921875,4.033610924450169,198.0,150.0,35.3046875,00
163.00937499999998,0.06952686081651789,-3.56015625,0.0938248399195944,198.0,186.0,48.899999999999984,00
158.3953125,0.1295179614715643,-4.09453125,0.02273692532946124,198.0,186.0,40.159375000000004,00
158.98359375,0.25686734895844054,-9.622656249999999,2.5276352227597907,114.0,96.0,43.216796875,00
154.43281249999998,0.1774865201747704,-6.200000000000002,1.7763568394002505e-15,192.0,186.0,42.85625000000001,00
157.59101562499998,0.25548159132481346,-10.364453125,0.09156886576634238,48.0,36.0,29.35,00
161.93828125000002,0.07460426193212334,-3.5636718750000007,0.06650154008731213,186.0,174.0,49.4296875,00
162.13124999999997,0.33418510963236925,-11.394921875000005,0.06969236074695975,162.0,150.0,43.396093750000006,10
164.28554687499997,0.25706063424362385,-10.799609374999998,1.3675507887870595,114.0,102.0,45.475000000000016,00
163.310546875,0.45758163307516525,-4.301562499999999,0.019702375332685186,168.0,150.0,56.21953125,00
167.3546875,0.11274928977049309,-3.6328125000000013,0.047777765160689586,132.0,114.0,57.66171874999998,00
155.4328125,0.2651972659054977,-11.807031250000001,0.11502961150694022,72.0,60.0,36.2984375,00
154.32265625,1.453912547004096,-43.29765625,9.243232024396876,234.0,210.0,36.831250000000004,10
167.438671875,0.22173982182725976,-4.6,0.0,54.0,48.0,60.666406249999994,00
162.85234375,1.2117242907674735,-36.101953124999994,0.5112371003778322,204.0,192.0,40.640625,00
150.346875,0.08788975694015957,-10.775781250000001,0.11907593018086231,60.0,48.0,15.60390625,00
152.12460937500003,0.35966000078144683,-30.0,0.0,282.0,258.0,34.60781250000001,10
149.73671875,0.048203821409080805,-3.4589843749999996,0.04918618714496357,186.0,168.0,26.0,00
157.783203125,0.5109648251007446,-5.298437499999999,0.01760848073372602,144.0,132.0,44.105859374999994,00
168.22382812499998,0.22504034740238096,-5.699218750000002,0.012475562048961978,108.0,96.0,62.20000000000002,00
151.24999999999997,0.25845091410168947,-4.65625,0.09035520184250606,126.0,114.0,22.971484375,00
167.15195312499998,0.11724412694346405,-4.020703125,0.08883520200480412,192.0,168.0,55.74140624999998,00
160.26523437499998,0.16887247797779284,-4.799999999999999,8.881784197001252e-16,162.0,132.0,46.8875,00
150.44218750000002,0.09650888479175865,-4.199218750000001,0.008804240366863053,210.0,192.0,35.885937500000004,10
160.5078125,0.07767055326022414,-4.307812499999999,0.05170435033679482,132.0,120.0,46.399999999999984,00
169.04023437499998,0.08873208308362021,-26.829296875,5.4548610322001085,264.0,246.0,57.519921874999994,00
164.81015625,1.3976173834730088,-46.29804687499999,0.013838273112435425,270.0,252.0,52.058203125000006,00
150.70742187499997,0.3125993494418749,-5.0660156249999995,0.047365596753966475,114.0,102.0,31.569921875000002,00
158.41445312500002,0.6345413065181326,-18.237109375000003,0.9543843338965232,30.0,18.0,40.8546875,00
147.18320312499998,0.07119991215047262,-5.390234375,0.02968492998744286,234.0,204.0,19.317187499999996,10
165.141796875,0.13232850690699569,-3.9046874999999988,0.02893790496476892,126.0,114.0,58.676171874999994,00
153.32578124999998,0.21623413733367106,-9.760546875000003,2.8265976700669193,246.0,234.0,39.20859374999999,00
166.3,0.0,-0.5999999999999999,1.1102230246251565e-16,180.0,162.0,63.5,00
155.16718749999998,0.6495322084729538,-45.099609375000014,0.006237781024481068,192.0,168.0,27.20703125,00
159.4875,2.668215695928648,-31.157812500000002,8.156325281022315,258.0,228.0,47.909765625000006,00
153.59765625,0.28310908999171913,-31.60000000000001,7.105427357601002e-15,120.0,102.0,28.012109374999994,00
168.041796875,0.7806316889162497,-43.412109375,3.437507080070834,150.0,132.0,56.22578125,00
164.58359375000003,0.11372756904522878,-4.498828125,0.010761701026528016,108.0,96.0,57.20000000000002,00
157.137109375,1.1215528105208017,-11.390625000000004,0.07228145941387709,222.0,198.0,46.8390625,00
162.775,0.13721561500063034,-3.9351562499999995,0.06741875173820333,114.0,96.0,55.880859374999986,00
149.94375000000002,0.09206824914159623,-17.900000000000002,3.552713678800501e-15,66.0,48.0,11.05390625,00
152.65273437499997,0.3384136126005555,-4.418749999999999,0.039031237489989844,210.0,186.0,40.098828125,00
158.951953125,0.15076657554886966,-5.098828124999999,0.01076170102652802,198.0,186.0,38.499609375000006,10
167.466796875,0.5481067322978578,-4.679687500000001,0.04023247871744938,108.0,90.0,58.384765625,00
152.777734375,1.0355838592037636,-44.725390625,7.405969129942557,204.0,174.0,33.751562500000006,00
148.944921875,0.16551763545460738,-21.078906250000003,0.04174390627310231,144.0,126.0,17.745703125000002,00
153.990625,0.08238391454039573,-4.200390625000001,0.0062377810244809585,204.0,186.0,36.8,00
149.22773437499998,0.15528559799080036,-4.890234375,0.03980351829121874,228.0,210.0,29.619531249999998,00
152.74335937499998,0.2974416364593368,-11.170703125,0.2991542338246848,42.0,24.0,26.578515624999998,00
153.2765625,0.07804683589839632,-4.3984375,0.012401959270615335,168.0,156.0,35.60000000000001,00
164.988671875,0.09050959111598862,-4.248828125,0.05302005949623556,120.0,108.0,49.73515625,00
165.24453125000002,0.11545331425922274,-4.594140625,0.023486277368058375,162.0,132.0,55.899999999999984,00
158.24374999999998,0.8510792780346594,-46.20000000000001,7.105427357601002e-15,228.0,204.0,43.417578125000006,00
152.07851562499997,0.07684796113664112,-4.9984375,0.017608480733726013,204.0,180.0,31.800000000000008,00
156.33046875000002,1.3052513283936686,-35.987890625,6.175124132399049,198.0,174.0,42.215624999999996,10
166.69531249999997,0.12769554551256418,-5.299999999999999,8.881784197001252e-16,186.0,174.0,60.57343749999999,00
154.07773437500003,0.12379238443199332,-6.391406250000001,0.07502847766640017,150.0,138.0,30.908984375000006,10
148.876171875,0.27673210503839896,-4.8703125,0.2169963187331758,186.0,162.0,31.431250000000002,00
169.14453124999997,0.08033970234844623,-30.848046875,5.2310965566793675,162.0,144.0,56.266015625,00
151.58710937499995,0.07200968189840021,-4.114453125000001,0.07005922264580433,132.0,114.0,37.93593750000001,00
151.674609375,0.18838293092026664,-18.290234375000004,0.04863712644019372,36.0,24.0,16.009375,00
163.62890625,0.1436969161497152,-6.319921874999999,0.03994128686565309,102.0,90.0,52.334375000000016,00
162.55156250000002,0.8335714178123893,-22.54453125,5.04690976913333,228.0,210.0,44.1484375,00
150.587109375,0.2291923739724112,-4.801953124999999,0.06522267859214607,174.0,144.0,36.101171875000006,00
165.004296875,2.608134265977354,-28.581640625,4.894593522025052,126.0,96.0,46.348828125,00
150.71601562499995,0.2429018572507395,-4.1000000000000005,8.881784197001252e-16,246.0,210.0,26.55625,00
152.90351562499998,0.552999053236857,-35.5,0.0,120.0,96.0,30.977343749999996,00
168.77421875000002,0.1701314261047573,-28.557421875000003,4.065924469388418,186.0,168.0,59.15742187499999,00
164.11171875,3.316109380116772,-35.883984375,7.504822495386274,282.0,234.0,41.894140625,00
156.655078125,0.4346936710448922,-4.499609375,0.0736853778717959,156.0,126.0,41.864453125000004,00
152.72382812499998,0.33133635924688964,-4.480859375,0.07005051016666011,210.0,192.0,41.09726562499999,00
155.54296875,0.3627549951736538,-4.092187500000001,0.026836818808308762,174.0,156.0,34.05820312499999,00
151.27812499999993,0.24492903946857597,-4.5042968750000005,0.02831694484287401,150.0,138.0,26.272265625000003,00
156.40078125,0.19121163575587571,-6.14921875,0.04999389611180075,174.0,168.0,45.25312500000001,00
161.31562499999995,0.5281804704596728,-31.060937499999994,1.0231106348258492,114.0,102.0,44.230859375,00
150.16054687499997,0.048874977521571335,-4.482421875,0.07155904569992769,66.0,60.0,21.600000000000005,00
146.13828125,0.5951786882092143,-22.436718749999997,1.6986378317341335,294.0,270.0,13.4796875,10
159.36093749999998,0.9235828988746771,-35.258984375,0.4985108133289184,198.0,180.0,44.25351562499999,00
160.22812499999998,0.11349387373334875,-3.7304687500000004,0.055281373657295144,168.0,156.0,50.79999999999999,00
168.10195312500002,0.10549406524887961,-4.299999999999999,8.881784197001252e-16,54.0,42.0,57.20000000000002,00
157.41249999999997,0.13491895715576555,-4.9890625,0.031210913055372033,216.0,204.0,37.732031250000006,10
159.81015625,0.16716376875967606,-4.8511718749999995,0.04998626520339764,78.0,72.0,51.960937500000014,00
155.52109374999998,0.43904234273124015,-4.828906249999999,0.04533270023876276,150.0,132.0,44.15585937499999,00
150.23164062499998,0.11547644066912832,-6.400000000000001,8.881784197001252e-16,102.0,102.0,30.253515625000006,00
150.65976562499998,0.2507456531395086,-4.86875,0.06027281725620613,174.0,138.0,36.022656250000004,00
167.3171875,0.31748754281664493,-9.932421875000003,0.06962226311665215,72.0,54.0,60.93437500000001,00
162.058203125,0.5000889508279849,-4.874218749999999,0.04634465609363738,108.0,90.0,48.866796875,00
162.514453125,1.2461762193517159,-44.0,0.0,198.0,180.0,38.688671875000004,00
166.33085937500002,0.4632856963846499,-4.264453124999999,0.06514777185548538,180.0,150.0,57.578515625,00
156.407421875,0.40473707919028623,-4.3999999999999995,8.881784197001252e-16,198.0,174.0,45.751171875,00
150.26015625000002,0.0489576407309277,-3.391796874999999,0.03605407383686866,192.0,174.0,34.0984375,00
167.63906250000002,0.3082801016831166,-8.15625,2.53197520475616,222.0,204.0,50.582031249999986,00
168.42421875,0.1285411496309155,-3.900781249999999,0.02337230515883062,186.0,162.0,57.27734375000001,00
169.017578125,0.18488698445667745,-18.311718749999997,5.474067002320893,228.0,210.0,50.92187499999999,00
166.3,0.0,-0.5999999999999999,1.1102230246251565e-16,180.0,162.0,63.5,00
161.12265625,0.45384035666293243,-4.5355468750000005,0.08019808088560691,204.0,180.0,53.29648437499999,00
148.63515624999997,0.04774581747061454,-5.363281249999998,0.0629621584639339,174.0,156.0,29.20468749999999,10
169.12187499999996,0.0722814594138787,-18.151171875000003,4.929811913421138,150.0,138.0,52.20859375,00
152.522265625,0.7612774162178741,-45.828515624999994,4.503072664484868,174.0,138.0,27.899218749999996,00
151.61015625,0.5193655750874699,-35.39999999999999,7.105427357601002e-15,132.0,114.0,22.2578125,00
150.14687499999997,0.18933993074626562,-6.380468750000001,0.24496766168912482,114.0,102.0,32.120703125,00
149.75781250000003,0.05319388915797687,-4.200000000000001,8.881784197001252e-16,210.0,198.0,33.196875,10
167.70078124999998,0.13462685337048672,-3.710546875,0.05934286753885731,78.0,66.0,54.66093750000002,00
162.85312499999998,0.8656588441037273,-40.63203125,0.10928288531804638,186.0,162.0,48.027734375,00
151.30273437500003,0.076752594049715,-3.5421875,0.07138077362812768,216.0,210.0,31.987499999999997,00
168.996484375,0.13702810982005614,-34.46328125,6.2789500900547415,234.0,222.0,58.28984375000001,00
